<?xml version="1.0" encoding="UTF-8"?><metadata>
    <idinfo>
        <citation>
            <citeinfo>
                <title>Public_School</title>
                <geoform>vector digital data</geoform>
            </citeinfo>
        </citation>
        <descript>
            <abstract>This layer contains polygons for the elementary, high school, and unified school districts with trustee areas in Los Angeles County.Last Update: January 2025</abstract>
            <purpose>School Districts with Trustee Areas</purpose>
        </descript>
        <spdom>
            <bounding>
                <westbc>-118.894585</westbc>
                <eastbc>-117.653408</eastbc>
                <northbc>34.823524</northbc>
                <southbc>33.849270</southbc>
            </bounding>
        </spdom>
        <keywords>
            <theme>
                <themekt>None</themekt>
                <themekey>Boundaries</themekey>
                <themekey>School</themekey>
                <themekey>RRCC</themekey>
            </theme>
        </keywords>
        <accconst>None</accconst>
        <useconst>The data herein is for informational purposes, and may not have been prepared for or be suitable for legal, engineering, or surveying intents. The County of Los Angeles reserves the right to change, restrict or discontinue access at any time. All users of the maps and data presented on https://lacounty.maps.arcgis.com or deriving from any LA County REST URLs, agree to the following Terms of Use as outlined on the LA County GIS Data Portal (https://egis-lacounty.hub.arcgis.com/pages/terms-of-use/).</useconst>
        <datacred>Los Angeles County Registrar-Recorder/County Clerk
Contact: Fady Toma, (562)462-2358, FToma@rrcc.lacounty.gov</datacred>
        <native> Version 6.2 (Build 9200) ; Esri ArcGIS 10.6.1.9270</native>
    </idinfo>
    <spdoinfo>
        <direct>Vector</direct>
        <ptvctinf>
            <sdtsterm>
                <sdtstype>GT-polygon composed of chains</sdtstype>
                <ptvctcnt>0</ptvctcnt>
            </sdtsterm>
        </ptvctinf>
    </spdoinfo>
    <eainfo>
        <detailed>
            <enttyp>
                <enttypl>Public_School</enttypl>
            </enttyp>
            <attr>
                <attrlabl>OBJECTID</attrlabl>
                <attrdef>Internal feature number.</attrdef>
                <attrdefs>ESRI</attrdefs>
                <attrdomv>
                                        
                    <udom>Sequential unique whole numbers that are automatically generated.</udom>
                                    
                </attrdomv>
            </attr>
            <attr>
                <attrlabl>Shape</attrlabl>
                <attrdef>Feature geometry.</attrdef>
                <attrdefs>ESRI</attrdefs>
                <attrdomv>
                                        
                    <udom>Coordinates defining the features.</udom>
                                    
                </attrdomv>
            </attr>
            <attr>
                <attrlabl>LABEL</attrlabl>
            </attr>
            <attr>
                <attrlabl>DISTRICT_TYPE</attrlabl>
            </attr>
            <attr>
                <attrlabl>Shape_Length</attrlabl>
                <attrdef>Length of feature in internal units.</attrdef>
                <attrdefs>Esri</attrdefs>
                <attrdomv>
                                        
                    <udom>Positive real numbers that are automatically generated.</udom>
                                    
                </attrdomv>
            </attr>
            <attr>
                <attrlabl>Shape_Area</attrlabl>
                <attrdef>Area of feature in internal units squared.</attrdef>
                <attrdefs>Esri</attrdefs>
                <attrdomv>
                                        
                    <udom>Positive real numbers that are automatically generated.</udom>
                                    
                </attrdomv>
            </attr>
        </detailed>
    </eainfo>
    <distinfo>
        <distliab>See access and use constraints information.</distliab>
        <stdorder>
            <digform>
                <digtinfo>
                    <formname>Feature Class</formname>
                    <transize>0.000</transize>
                </digtinfo>
                <digtopt>
                    <onlinopt/>
                </digtopt>
            </digform>
        </stdorder>
    </distinfo>
    <metainfo>
        <metd>20230202</metd>
        <metstdn>FGDC Content Standard for Digital Geospatial Metadata</metstdn>
        <metstdv>FGDC-STD-001-1998</metstdv>
        <mettc>local time</mettc>
    </metainfo>
</metadata>
